Test name	Variant	Run name	Base name	Avg	StdDev	Min	p50	p90	p95	Max
create entity	postgres	dfeefffb	dfeefffb-postgres-create-entity	3.001228	1.03	2.290519	2.660722	3.670431	4.80944	14.00222
create entity organization	postgres	dfeefffb	dfeefffb-postgres-create-entity-organization	2.752504	1.01	2.216218	2.504221	3.610531	4.048634	24.666206
create entity person	postgres	dfeefffb	dfeefffb-postgres-create-entity-person	2.507226	0.56	2.150818	2.404321	2.603522	2.897324	8.913775
search admin entities (any, first 50)	postgres	dfeefffb	dfeefffb-postgres-search-admin-entities-any-first-50	10.458452	1.86	9.59278	9.880984	12.035	13.777215	33.270281
create entity	sqlite	dfeefffb	dfeefffb-sqlite-create-entity	3.252386	1.47	2.210519	2.941724	3.825532	4.605739	27.762934
create entity organization	sqlite	dfeefffb	dfeefffb-sqlite-create-entity-organization	3.245948	1.38	2.128418	3.064925	3.709031	4.081535	28.847144
create entity person	sqlite	dfeefffb	dfeefffb-sqlite-create-entity-person	3.125071	1.00	2.139919	2.978825	3.635231	3.947134	23.756601
search admin entities (any, first 50)	sqlite	dfeefffb	dfeefffb-sqlite-search-admin-entities-any-first-50	5.379597	4.06	4.256836	4.453739	4.891842	9.267679	32.158077
create entity	postgres	a1c02d27	a1c02d27-postgres-create-entity	2.997788	1.03	2.249214	2.643117	3.807424	4.81643	12.408477
create entity organization	postgres	a1c02d27	a1c02d27-postgres-create-entity-organization	2.710144	0.76	2.009012	2.472715	3.573222	4.017925	11.900474
create entity person	postgres	a1c02d27	a1c02d27-postgres-create-entity-person	2.560046	0.91	2.137613	2.367114	2.798517	3.310621	19.200318
search admin entities (any, first 50)	postgres	a1c02d27	a1c02d27-postgres-search-admin-entities-any-first-50	10.582026	2.04	9.497358	10.059561	11.817971	13.566147	35.131021
create entity	sqlite	a1c02d27	a1c02d27-sqlite-create-entity	3.548602	1.62	2.237413	3.170111	4.429115	5.856336	30.385384
create entity organization	sqlite	a1c02d27	a1c02d27-sqlite-create-entity-organization	3.307997	1.18	2.075713	3.048219	4.235627	4.833429	17.758613
create entity person	sqlite	a1c02d27	a1c02d27-sqlite-create-entity-person	3.082508	0.86	2.066813	2.877019	4.014425	4.543429	10.184564
search admin entities (any, first 50)	sqlite	a1c02d27	a1c02d27-sqlite-search-admin-entities-any-first-50	5.093693	1.96	4.253728	4.467728	7.260448	10.328568	25.613162
create entity	postgres	904e01d6	904e01d6-postgres-create-entity	2.598092	0.86	1.979117	2.310221	3.195536	4.44625	10.671722
create entity organization	postgres	904e01d6	904e01d6-postgres-create-entity-organization	2.411093	0.87	1.924017	2.18462	3.158528	3.448631	20.05568
create entity person	postgres	904e01d6	904e01d6-postgres-create-entity-person	2.222411	0.69	1.851421	2.082324	2.379721	2.790932	10.928527
search admin entities (any, first 50)	postgres	904e01d6	904e01d6-postgres-search-admin-entities-any-first-50	8.945977	1.80	7.908191	8.407198	10.339319	12.788348	30.100248
create entity	sqlite	904e01d6	904e01d6-sqlite-create-entity	2.919989	1.43	1.845522	2.459448	4.226111	5.602882	24.612383
create entity organization	sqlite	904e01d6	904e01d6-sqlite-create-entity-organization	2.869191	1.45	1.889621	2.548329	3.668742	4.536753	26.821908
create entity person	sqlite	904e01d6	904e01d6-sqlite-create-entity-person	2.829874	1.25	1.769694	2.483292	3.931745	4.838055	25.751212
search admin entities (any, first 50)	sqlite	904e01d6	904e01d6-sqlite-search-admin-entities-any-first-50	4.414832	2.20	3.470735	3.846387	5.274454	8.542787	28.333903
create entity	postgres	82383a9e	82383a9e-postgres-create-entity	4.99338	1.68	2.811701	4.556477	6.810066	8.627957	14.467827
create entity organization	postgres	82383a9e	82383a9e-postgres-create-entity-organization	4.131004	1.33	2.841602	3.767802	5.51401	6.486104	22.980645
create entity person	postgres	82383a9e	82383a9e-postgres-create-entity-person	4.816332	1.58	2.711905	4.500809	5.938912	7.185814	32.597884
create and publish entity	postgres	82383a9e	82383a9e-postgres-create-publish-entity	9.262638	1.85	6.564601	8.835096	11.199995	12.857302	25.350205
edit entity	postgres	82383a9e	82383a9e-postgres-edit-entity	5.541819	1.67	3.577399	5.341198	6.67012	7.453308	36.099337
archive entity	postgres	82383a9e	82383a9e-postgres-archive-entity	3.124524	2.06	2.133821	2.872293	3.581399	4.497099	60.536506
get admin entity	postgres	82383a9e	82383a9e-postgres-get-admin-entity	0.983915	0.37	0.704599	0.916066	1.181298	1.313297	6.257689
search admin entities (any, first 50)	postgres	82383a9e	82383a9e-postgres-search-admin-entities-any-first-50	9.18722	2.42	6.688487	8.496347	12.309869	14.461081	34.12149
create entity	sqlite	82383a9e	82383a9e-sqlite-create-entity	6.617466	2.08	4.059334	6.105507	9.015136	10.949033	27.12037
create entity organization	sqlite	82383a9e	82383a9e-sqlite-create-entity-organization	6.113557	1.53	3.992839	5.767612	7.711483	9.16256	18.023525
create entity person	sqlite	82383a9e	82383a9e-sqlite-create-entity-person	6.226907	1.60	3.805618	5.843127	7.667235	9.463943	23.949011
create and publish entity	sqlite	82383a9e	82383a9e-sqlite-create-publish-entity	9.173594	2.41	6.003325	8.599524	11.497348	13.805958	35.534197
edit entity	sqlite	82383a9e	82383a9e-sqlite-edit-entity	6.669835	1.71	4.196096	6.268893	8.129791	10.078289	25.15247
archive entity	sqlite	82383a9e	82383a9e-sqlite-archive-entity	5.299159	1.85	3.31317	4.868756	6.702706	8.892708	25.30207
get admin entity	sqlite	82383a9e	82383a9e-sqlite-get-admin-entity	0.545849	0.72	0.327203	0.459303	0.603304	0.694405	18.385038
search admin entities (any, first 50)	sqlite	82383a9e	82383a9e-sqlite-search-admin-entities-any-first-50	8.145787	2.30	5.614542	7.524557	10.796781	13.989833	20.811335
create entity	postgres	40ff3668	40ff3668-postgres-create-entity	4.397526	1.80	2.605847	3.993469	5.894601	7.656731	22.42911
create entity organization	postgres	40ff3668	40ff3668-postgres-create-entity-organization	3.387451	1.36	2.553947	3.009754	4.41318	5.328697	24.037438
create entity person	postgres	40ff3668	40ff3668-postgres-create-entity-person	4.157321	1.62	2.614248	3.792769	4.878489	6.529419	19.966064
create and publish entity	postgres	40ff3668	40ff3668-postgres-create-publish-entity	7.782772	1.80	5.98451	7.379836	9.370771	10.992003	27.1892
edit entity	postgres	40ff3668	40ff3668-postgres-edit-entity	4.810479	2.10	3.579566	4.561883	5.622803	7.09313	55.334709
archive entity	postgres	40ff3668	40ff3668-postgres-archive-entity	2.74394	1.13	2.213441	2.517246	3.016955	3.558765	19.338753
get admin entity	postgres	40ff3668	40ff3668-postgres-get-admin-entity	1.011075	0.49	0.850416	0.932517	1.056319	1.194422	7.373734
search admin entities (any, first 50)	postgres	40ff3668	40ff3668-postgres-search-admin-entities-any-first-50	7.486493	2.16	6.156013	6.622121	10.847398	12.513028	26.619286
create entity	sqlite	40ff3668	40ff3668-sqlite-create-entity	4.696692	2.22	2.948754	4.073375	6.110911	9.201168	26.431483
create entity organization	sqlite	40ff3668	40ff3668-sqlite-create-entity-organization	4.256428	1.49	2.903953	3.907471	4.96439	6.479518	17.711723
create entity person	sqlite	40ff3668	40ff3668-sqlite-create-entity-person	4.912961	2.38	3.012755	4.332379	5.874707	9.002965	29.53574
create and publish entity	sqlite	40ff3668	40ff3668-sqlite-create-publish-entity	7.620806	3.00	5.287096	6.708523	10.42779	13.088039	42.590577
edit entity	sqlite	40ff3668	40ff3668-sqlite-edit-entity	5.186789	2.23	3.534964	4.634185	6.339216	8.981564	31.24187
archive entity	sqlite	40ff3668	40ff3668-sqlite-archive-entity	3.669664	1.95	2.432544	3.234259	4.287478	6.196213	27.95791
get admin entity	sqlite	40ff3668	40ff3668-sqlite-get-admin-entity	0.4553	0.55	0.312706	0.377906	0.467908	0.55991	8.404253
search admin entities (any, first 50)	sqlite	40ff3668	40ff3668-sqlite-search-admin-entities-any-first-50	6.443567	2.44	5.325196	5.603702	9.121163	12.397922	36.813771
create entity	postgres	150c7fc0	150c7fc0-postgres-create-entity	4.234417	1.72	2.520681	3.891178	5.634003	6.965498	22.760829
create entity organization	postgres	150c7fc0	150c7fc0-postgres-create-entity-organization	3.295516	1.41	2.435075	2.880706	4.362912	5.337982	23.553586
create entity person	postgres	150c7fc0	150c7fc0-postgres-create-entity-person	3.684386	1.06	2.460276	3.523452	3.950084	5.150568	15.573514
create and publish entity	postgres	150c7fc0	150c7fc0-postgres-create-publish-entity	7.299507	1.52	5.478493	6.965	8.830134	10.048221	21.350432
edit entity	postgres	150c7fc0	150c7fc0-postgres-edit-entity	4.320008	1.33	2.756097	4.1936	5.134569	6.380757	20.269651
archive entity	postgres	150c7fc0	150c7fc0-postgres-archive-entity	2.466051	1.57	1.758626	2.267162	2.589086	2.950511	42.783461
get admin entity	postgres	150c7fc0	150c7fc0-postgres-get-admin-entity	0.823084	0.43	0.580642	0.761855	0.875363	0.961169	7.350325
search admin entities (any, first 50)	postgres	150c7fc0	150c7fc0-postgres-search-admin-entities-any-first-50	6.880956	2.07	5.025659	6.16394	10.113924	11.885949	33.282579
create entity	sqlite	150c7fc0	150c7fc0-sqlite-create-entity	4.252821	1.87	2.715594	3.709965	5.398186	8.351497	16.810402
create entity organization	sqlite	150c7fc0	150c7fc0-sqlite-create-entity-organization	4.177242	1.49	2.748797	3.843875	4.964955	5.963126	25.30931
create entity person	sqlite	150c7fc0	150c7fc0-sqlite-create-entity-person	4.520521	1.74	2.644589	4.018987	5.761012	7.746854	17.587157
create and publish entity	sqlite	150c7fc0	150c7fc0-sqlite-create-publish-entity	6.278204	1.69	4.62603	5.855818	7.282421	9.23906	24.478549
edit entity	sqlite	150c7fc0	150c7fc0-sqlite-edit-entity	4.462053	1.86	2.946611	4.039089	5.286979	6.996802	32.275212
archive entity	sqlite	150c7fc0	150c7fc0-sqlite-archive-entity	3.028959	1.23	2.154654	2.765598	3.36754	4.529024	14.269019
get admin entity	sqlite	150c7fc0	150c7fc0-sqlite-get-admin-entity	0.439928	0.57	0.293221	0.363326	0.466033	0.564641	9.627588
search admin entities (any, first 50)	sqlite	150c7fc0	150c7fc0-sqlite-search-admin-entities-any-first-50	5.993827	1.94	4.582727	5.304179	8.715122	11.281406	19.806815
create entity	postgres	61821d44	61821d44-postgres-create-entity	3.32955	0.96	2.196805	3.179107	4.28381	4.926812	9.943424
create entity organization	postgres	61821d44	61821d44-postgres-create-entity-organization	2.639028	0.82	2.012005	2.396806	3.613009	4.00561	14.437635
create entity person	postgres	61821d44	61821d44-postgres-create-entity-person	3.071524	0.61	2.056705	3.010707	3.274008	3.539109	8.40422
create and publish entity	postgres	61821d44	61821d44-postgres-create-publish-entity	5.594607	1.14	4.465811	5.418013	6.170815	7.168818	25.727362
edit entity	postgres	61821d44	61821d44-postgres-edit-entity	3.654479	1.63	2.756206	3.586209	4.063709	4.512711	39.917098
archive entity	postgres	61821d44	61821d44-postgres-archive-entity	2.089089	0.43	1.795504	2.007005	2.227805	2.409606	6.832617
get admin entity	postgres	61821d44	61821d44-postgres-get-admin-entity	0.67781	0.21	0.624101	0.658301	0.692001	0.716701	4.677811
search admin entities (any, first 50)	postgres	61821d44	61821d44-postgres-search-admin-entities-any-first-50	5.681134	1.84	4.497711	5.130313	7.818219	10.547025	28.451069
create entity	sqlite	61821d44	61821d44-sqlite-create-entity	3.860149	1.83	2.300206	3.482408	4.743711	5.764014	36.398987
create entity organization	sqlite	61821d44	61821d44-sqlite-create-entity-organization	3.521146	1.37	2.219705	3.258408	4.487611	5.084613	33.01868
create entity person	sqlite	61821d44	61821d44-sqlite-create-entity-person	3.455179	0.88	2.405006	3.271308	4.06621	4.556712	12.27633
create and publish entity	sqlite	61821d44	61821d44-sqlite-create-publish-entity	5.369508	1.42	3.969009	5.040912	6.204815	7.332918	22.233154
edit entity	sqlite	61821d44	61821d44-sqlite-edit-entity	3.856489	1.27	2.614407	3.578808	4.573311	5.356913	20.27105
archive entity	sqlite	61821d44	61821d44-sqlite-archive-entity	2.697273	1.00	1.858604	2.508806	3.185508	3.478609	20.119149
get admin entity	sqlite	61821d44	61821d44-sqlite-get-admin-entity	0.335539	0.39	0.2612	0.3101	0.332401	0.343001	10.359025
search admin entities (any, first 50)	sqlite	61821d44	61821d44-sqlite-search-admin-entities-any-first-50	5.055553	1.96	3.91071	4.483111	7.310418	10.293026	25.221062
create entity	postgres	7c131e47	7c131e47-postgres-create-entity	2.999426	0.94	1.94098	2.885871	3.84366	4.743852	10.656089
create entity organization	postgres	7c131e47	7c131e47-postgres-create-entity-organization	2.316886	0.67	1.830882	2.149879	2.820772	3.321967	9.9343
create entity person	postgres	7c131e47	7c131e47-postgres-create-entity-person	2.659724	0.55	1.862981	2.606573	2.746572	3.085668	7.440824
create and publish entity	postgres	7c131e47	7c131e47-postgres-create-publish-entity	5.161094	0.76	4.399655	5.151847	5.534043	6.086538	13.480762
edit entity	postgres	7c131e47	7c131e47-postgres-edit-entity	3.115646	1.16	2.469175	3.124367	3.390465	3.86946	33.306273
archive entity	postgres	7c131e47	7c131e47-postgres-archive-entity	1.703701	0.35	1.556385	1.644684	1.740083	1.794481	5.87814
get admin entity	postgres	7c131e47	7c131e47-postgres-get-admin-entity	0.648874	0.18	0.583694	0.633894	0.658493	0.667694	4.310856
search admin entities (any, first 50)	postgres	7c131e47	7c131e47-postgres-search-admin-entities-any-first-50	5.527688	1.14	4.95905	5.165747	7.541724	8.361115	19.241807
create entity	sqlite	7c131e47	7c131e47-sqlite-create-entity	1.820846	1.14	1.184688	1.585783	1.96328	3.183368	11.581481
create entity organization	sqlite	7c131e47	7c131e47-sqlite-create-entity-organization	1.528897	1.02	1.136988	1.340687	1.646683	2.558674	20.356492
create entity person	sqlite	7c131e47	7c131e47-sqlite-create-entity-person	1.706729	0.75	1.15069	1.630586	1.781785	1.975684	11.467805
create and publish entity	sqlite	7c131e47	7c131e47-sqlite-create-publish-entity	3.274532	1.23	2.532079	3.052969	3.522065	5.206956	23.765802
edit entity	sqlite	7c131e47	7c131e47-sqlite-edit-entity	2.020123	0.79	1.421586	1.904381	2.095979	2.374076	11.941779
archive entity	sqlite	7c131e47	7c131e47-sqlite-archive-entity	1.229486	0.61	0.885391	1.155488	1.239787	1.291187	9.836401
get admin entity	sqlite	7c131e47	7c131e47-sqlite-get-admin-entity	0.256948	0.23	0.222398	0.238898	0.254198	0.260198	6.040441
search admin entities (any, first 50)	sqlite	7c131e47	7c131e47-sqlite-search-admin-entities-any-first-50	4.795455	1.42	4.228358	4.319357	7.19263	8.14982	22.732578
create entity	postgres	458fa750	458fa750-postgres-create-entity	3.813484	1.26	2.211228	3.559405	5.090693	6.405569	12.152101
create entity organization	postgres	458fa750	458fa750-postgres-create-entity-organization	3.084253	1.02	2.26643	2.787861	4.057034	4.600665	16.66886
create entity person	postgres	458fa750	458fa750-postgres-create-entity-person	3.477825	0.99	2.158324	3.341592	3.715814	4.562563	12.087195
create and publish entity	postgres	458fa750	458fa750-postgres-create-publish-entity	6.788647	1.36	4.997588	6.555279	7.740447	9.18503	20.053257
edit entity	postgres	458fa750	458fa750-postgres-edit-entity	4.132076	1.69	2.803061	4.006334	4.80448	5.282605	44.571473
archive entity	postgres	458fa750	458fa750-postgres-archive-entity	2.346781	0.66	1.786203	2.226428	2.474143	2.75836	9.314836
get admin entity	postgres	458fa750	458fa750-postgres-get-admin-entity	0.78538	0.30	0.598434	0.756544	0.812746	0.86185	6.238659
search admin entities (any, first 50)	postgres	458fa750	458fa750-postgres-search-admin-entities-any-first-50	6.598398	1.84	4.685471	6.06425	9.255534	11.145443	24.380706
create entity	sqlite	458fa750	458fa750-sqlite-create-entity	2.680738	1.62	1.414488	2.268531	3.595023	5.874166	23.711676
create entity organization	sqlite	458fa750	458fa750-sqlite-create-entity-organization	2.125293	0.86	1.454891	1.932621	2.550359	2.952384	11.506216
create entity person	sqlite	458fa750	458fa750-sqlite-create-entity-person	2.51593	1.07	1.367679	2.306334	2.866278	3.475501	12.993851
create and publish entity	sqlite	458fa750	458fa750-sqlite-create-publish-entity	4.577801	1.82	3.120481	4.103738	5.443515	7.909358	36.368005
edit entity	sqlite	458fa750	458fa750-sqlite-edit-entity	2.944037	1.33	1.754805	2.627957	3.397603	4.756083	21.06752
archive entity	sqlite	458fa750	458fa750-sqlite-archive-entity	1.942749	0.90	1.227572	1.749204	2.196628	2.67826	14.283578
get admin entity	sqlite	458fa750	458fa750-sqlite-get-admin-entity	0.399104	0.37	0.277516	0.364321	0.409523	0.474128	8.639705
search admin entities (any, first 50)	sqlite	458fa750	458fa750-sqlite-search-admin-entities-any-first-50	6.124886	2.16	4.164567	5.449648	10.187851	11.476233	30.440346
create entity	postgres	54191332	54191332-postgres-create-entity	3.359474	1.23	2.215039	3.158156	4.289677	5.800304	12.486324
create entity organization	postgres	54191332	54191332-postgres-create-entity-organization	2.614531	0.94	2.101838	2.355143	3.269058	3.932571	13.136736
create entity person	postgres	54191332	54191332-postgres-create-entity-person	3.014151	0.71	2.099135	2.931449	3.151357	3.635861	10.682778
create and publish entity	postgres	54191332	54191332-postgres-create-publish-entity	5.801653	1.67	4.874582	5.695201	6.14991	7.176719	42.960117
edit entity	postgres	54191332	54191332-postgres-edit-entity	3.452624	0.72	2.683348	3.479962	3.790068	4.389878	12.352313
archive entity	postgres	54191332	54191332-postgres-archive-entity	1.983548	0.41	1.701513	1.914614	2.054835	2.189317	5.877302
get admin entity	postgres	54191332	54191332-postgres-get-admin-entity	0.688833	0.32	0.62181	0.65951	0.691812	0.718506	7.467833
search admin entities (any, first 50)	postgres	54191332	54191332-postgres-search-admin-entities-any-first-50	5.852387	1.66	5.109305	5.297682	8.276627	10.185557	22.872852
create entity	sqlite	54191332	54191332-sqlite-create-entity	2.155523	1.39	1.303023	1.885734	2.453254	3.842968	22.372397
create entity organization	sqlite	54191332	54191332-sqlite-create-entity-organization	1.840223	0.85	1.276723	1.66073	2.188238	2.705548	11.2773
create entity person	sqlite	54191332	54191332-sqlite-create-entity-person	2.067109	0.91	1.280823	1.930852	2.190245	2.871729	12.438091
create and publish entity	sqlite	54191332	54191332-sqlite-create-publish-entity	3.736652	1.18	2.846346	3.476756	4.012064	6.009796	14.194527
edit entity	sqlite	54191332	54191332-sqlite-edit-entity	2.372185	1.09	1.761722	2.179535	2.491818	2.994822	15.383811
archive entity	sqlite	54191332	54191332-sqlite-archive-entity	1.498051	0.71	1.075814	1.401118	1.537119	1.645023	13.892776
get admin entity	sqlite	54191332	54191332-sqlite-get-admin-entity	0.326435	0.33	0.257704	0.302604	0.324805	0.331404	6.748095
search admin entities (any, first 50)	sqlite	54191332	54191332-sqlite-search-admin-entities-any-first-50	5.385986	2.13	4.460357	4.687466	9.438633	10.659837	26.648776
create entity	postgres	4b9a5773	4b9a5773-postgres-create-entity	3.06575	1.11	1.97678	2.903371	3.885661	5.133948	12.800972
create entity organization	postgres	4b9a5773	4b9a5773-postgres-create-entity-organization	2.340484	0.83	1.856781	2.161579	2.746373	3.328167	21.567784
create entity person	postgres	4b9a5773	4b9a5773-postgres-create-entity-person	2.698009	0.57	1.848782	2.621574	2.95737	3.491965	7.327326
create and publish entity	postgres	4b9a5773	4b9a5773-postgres-create-publish-entity	5.426572	1.58	4.370957	5.206948	6.04984	6.903531	36.406035
edit entity	postgres	4b9a5773	4b9a5773-postgres-edit-entity	3.149082	0.98	2.421976	3.106269	3.704863	4.04876	21.683784
archive entity	postgres	4b9a5773	4b9a5773-postgres-archive-entity	1.812087	0.47	1.562284	1.678683	2.177778	2.458875	9.786902
get admin entity	postgres	4b9a5773	4b9a5773-postgres-get-admin-entity	0.643357	0.25	0.577894	0.626594	0.648394	0.656894	6.060739
search admin entities (any, first 50)	postgres	4b9a5773	4b9a5773-postgres-search-admin-entities-any-first-50	5.683999	1.59	4.895851	5.123849	8.212618	9.164708	28.632314
create entity	sqlite	4b9a5773	4b9a5773-sqlite-create-entity	2.069534	1.35	1.190988	1.739483	2.661273	4.074859	16.515035
create entity organization	sqlite	4b9a5773	4b9a5773-sqlite-create-entity-organization	1.653606	0.86	1.129489	1.432386	2.156678	2.665174	12.212777
create entity person	sqlite	4b9a5773	4b9a5773-sqlite-create-entity-person	2.114742	1.11	1.180088	1.824582	2.816072	3.529264	13.040369
create and publish entity	sqlite	4b9a5773	4b9a5773-sqlite-create-publish-entity	3.708938	1.45	2.526674	3.315167	4.566055	5.897141	28.537915
edit entity	sqlite	4b9a5773	4b9a5773-sqlite-edit-entity	2.372127	0.96	1.507685	2.100879	2.95187	3.809961	14.198858
archive entity	sqlite	4b9a5773	4b9a5773-sqlite-archive-entity	1.730061	0.89	0.893691	1.443286	2.510775	3.267167	10.414596
get admin entity	sqlite	4b9a5773	4b9a5773-sqlite-get-admin-entity	0.258081	0.23	0.219498	0.239198	0.254898	0.262298	4.448456
search admin entities (any, first 50)	sqlite	4b9a5773	4b9a5773-sqlite-search-admin-entities-any-first-50	4.798801	1.35	4.231457	4.344757	6.91803	8.353316	19.9041
create entity	postgres	74155ac3	74155ac3-postgres-create-entity	2.924873	0.85	1.906473	2.79456	3.736447	4.339338	11.000844
create entity organization	postgres	74155ac3	74155ac3-postgres-create-entity-organization	2.240149	0.59	1.816974	2.096071	2.601063	3.239354	7.0018
create entity person	postgres	74155ac3	74155ac3-postgres-create-entity-person	2.686762	0.60	1.847473	2.599963	2.81776	3.667548	10.170755
create and publish entity	postgres	74155ac3	74155ac3-postgres-create-publish-entity	5.228028	4.04	4.316137	5.035426	5.523419	6.15661	126.02265
edit entity	postgres	74155ac3	74155ac3-postgres-edit-entity	3.034478	0.72	2.443264	3.078754	3.36365	3.866643	15.931866
archive entity	postgres	74155ac3	74155ac3-postgres-archive-entity	1.675248	0.41	1.525578	1.608677	1.711076	1.808574	7.168498
get admin entity	postgres	74155ac3	74155ac3-postgres-get-admin-entity	0.646794	0.20	0.580492	0.626292	0.649191	0.661591	4.372037
search admin entities (any, first 50)	postgres	74155ac3	74155ac3-postgres-search-admin-entities-any-first-50	5.296709	0.68	4.86283	5.084427	5.367323	7.287595	9.05797
create entity	sqlite	74155ac3	74155ac3-sqlite-create-entity	1.889784	1.38	1.162083	1.576078	2.08837	3.761446	14.723992
create entity organization	sqlite	74155ac3	74155ac3-sqlite-create-entity-organization	1.410033	0.53	1.132284	1.300881	1.567378	1.791575	9.362767
create entity person	sqlite	74155ac3	74155ac3-sqlite-create-entity-person	1.761076	0.95	1.158783	1.632577	1.828974	2.476365	18.731634
create and publish entity	sqlite	74155ac3	74155ac3-sqlite-create-publish-entity	3.195624	0.98	2.479965	3.031757	3.442951	4.92153	15.320983
edit entity	sqlite	74155ac3	74155ac3-sqlite-edit-entity	2.037823	0.95	1.36878	1.900073	2.078871	2.418066	15.636378
archive entity	sqlite	74155ac3	74155ac3-sqlite-archive-entity	1.222021	0.64	0.875088	1.145284	1.244482	1.340881	11.454338
get admin entity	sqlite	74155ac3	74155ac3-sqlite-get-admin-entity	0.284323	0.39	0.213596	0.237097	0.259896	0.289496	7.100899
search admin entities (any, first 50)	sqlite	74155ac3	74155ac3-sqlite-search-admin-entities-any-first-50	4.654271	1.21	4.160941	4.263939	6.058914	7.741189	18.170641
create entity	postgres	9a9f4aed	9a9f4aed-postgres-create-entity	3.005749	0.92	1.9453	2.844199	4.009198	4.505298	9.505096
create entity organization	postgres	9a9f4aed	9a9f4aed-postgres-create-entity-organization	2.291027	0.65	1.818299	2.121199	2.839999	3.380498	10.355693
create entity person	postgres	9a9f4aed	9a9f4aed-postgres-create-entity-person	2.656465	0.58	1.878799	2.621298	2.739699	2.961898	12.108593
create and publish entity	postgres	9a9f4aed	9a9f4aed-postgres-create-publish-entity	5.300985	1.23	4.395898	5.240497	5.666096	6.193397	35.002581
edit entity	postgres	9a9f4aed	9a9f4aed-postgres-edit-entity	3.034711	0.65	2.475699	3.111698	3.283198	3.769297	12.078393
archive entity	postgres	9a9f4aed	9a9f4aed-postgres-archive-entity	1.705377	0.49	1.550899	1.638599	1.711999	1.758299	10.387794
get admin entity	postgres	9a9f4aed	9a9f4aed-postgres-get-admin-entity	0.645419	0.14	0.5873	0.633	0.655	0.664099	2.832198
search admin entities (any, first 50)	postgres	9a9f4aed	9a9f4aed-postgres-search-admin-entities-any-first-50	5.310583	0.85	4.878998	5.084597	5.436397	7.272296	19.141692
create entity	sqlite	9a9f4aed	9a9f4aed-sqlite-create-entity	1.845379	1.43	1.165899	1.600099	1.970699	2.867198	31.038387
create entity organization	sqlite	9a9f4aed	9a9f4aed-sqlite-create-entity-organization	1.443373	0.70	1.132299	1.308899	1.529499	1.7824	11.703695
create entity person	sqlite	9a9f4aed	9a9f4aed-sqlite-create-entity-person	1.751249	1.04	1.154599	1.638499	1.785	1.996299	23.711287
create and publish entity	sqlite	9a9f4aed	9a9f4aed-sqlite-create-publish-entity	3.245264	1.06	2.535599	3.065598	3.448798	5.173697	16.638191
edit entity	sqlite	9a9f4aed	9a9f4aed-sqlite-edit-entity	2.045388	1.18	1.470599	1.907899	2.097699	2.2528	27.748895
archive entity	sqlite	9a9f4aed	9a9f4aed-sqlite-archive-entity	1.256595	0.60	0.879499	1.169099	1.321399	1.496999	10.109295
get admin entity	sqlite	9a9f4aed	9a9f4aed-sqlite-get-admin-entity	0.26636	0.38	0.2159	0.236099	0.2547	0.2599	7.345397
search admin entities (any, first 50)	sqlite	9a9f4aed	9a9f4aed-sqlite-search-admin-entities-any-first-50	4.610743	1.15	4.222498	4.306798	4.552598	7.032497	19.555791
create entity	postgres	bf087c53	bf087c53-postgres-create-entity	3.558508	1.13	2.254321	3.29463	4.807143	6.044855	10.980699
create entity organization	postgres	bf087c53	bf087c53-postgres-create-entity-organization	2.743673	0.82	2.22212	2.525522	3.068527	3.968436	11.173401
create entity person	postgres	bf087c53	bf087c53-postgres-create-entity-person	3.196021	0.64	2.19592	3.098828	3.478332	3.784134	8.844479
create and publish entity	postgres	bf087c53	bf087c53-postgres-create-publish-entity	6.897263	1.29	5.122946	6.876762	7.983872	9.327883	17.86316
edit entity	postgres	bf087c53	bf087c53-postgres-edit-entity	4.564879	1.39	3.548432	4.44334	5.060645	5.683551	40.578165
archive entity	postgres	bf087c53	bf087c53-postgres-archive-entity	2.194955	0.44	1.806516	2.095618	2.448122	2.731724	6.261256
get admin entity	postgres	bf087c53	bf087c53-postgres-get-admin-entity	0.742828	0.21	0.648406	0.705307	0.814307	0.863808	4.773142
search admin entities (any, first 50)	postgres	bf087c53	bf087c53-postgres-search-admin-entities-any-first-50	6.087908	1.96	5.261247	5.515949	6.843661	10.441593	28.227051
create entity	sqlite	bf087c53	bf087c53-sqlite-create-entity	2.491327	1.31	1.473413	2.189519	3.069027	4.575641	17.696356
create entity organization	sqlite	bf087c53	bf087c53-sqlite-create-entity-organization	2.141456	1.71	1.420812	1.906317	2.494922	3.353931	47.661628
create entity person	sqlite	bf087c53	bf087c53-sqlite-create-entity-person	2.510666	1.66	1.398613	2.23022	2.921727	4.085237	41.208569
create and publish entity	sqlite	bf087c53	bf087c53-sqlite-create-publish-entity	4.548607	1.96	3.099926	4.145335	5.195343	7.23146	44.386667
edit entity	sqlite	bf087c53	bf087c53-sqlite-edit-entity	3.177686	1.58	2.197019	2.857424	3.66003	5.329244	38.925948
archive entity	sqlite	bf087c53	bf087c53-sqlite-archive-entity	1.76733	0.76	1.07261	1.592614	2.082319	2.420921	10.115291
get admin entity	sqlite	bf087c53	bf087c53-sqlite-get-admin-entity	0.343455	0.35	0.259402	0.313203	0.346603	0.357103	7.972671
search admin entities (any, first 50)	sqlite	bf087c53	bf087c53-sqlite-search-admin-entities-any-first-50	5.349492	1.90	4.574041	4.793143	5.353548	10.14319	28.155451
create entity	postgres	9bd2a9a7	9bd2a9a7-postgres-create-entity	3.076873	1.04	1.97181	2.947014	3.837518	4.877523	11.503254
create entity organization	postgres	9bd2a9a7	9bd2a9a7-postgres-create-entity-organization	2.316124	0.59	1.890108	2.16681	2.635213	3.311115	9.434944
create entity person	postgres	9bd2a9a7	9bd2a9a7-postgres-create-entity-person	2.733509	0.60	1.880409	2.650313	2.902914	3.153114	10.918551
create and publish entity	postgres	9bd2a9a7	9bd2a9a7-postgres-create-publish-entity	5.846941	1.33	4.451321	5.960228	6.29263	7.285534	35.693167
edit entity	postgres	9bd2a9a7	9bd2a9a7-postgres-edit-entity	3.82528	0.71	2.989514	3.815218	4.164019	4.768022	12.139957
archive entity	postgres	9bd2a9a7	9bd2a9a7-postgres-archive-entity	1.704145	0.39	1.545707	1.642908	1.760008	1.858908	8.250438
get admin entity	postgres	9bd2a9a7	9bd2a9a7-postgres-get-admin-entity	0.650823	0.19	0.582402	0.632003	0.660303	0.674003	4.664822
search admin entities (any, first 50)	postgres	9bd2a9a7	9bd2a9a7-postgres-search-admin-entities-any-first-50	5.360802	1.15	4.826123	5.064024	5.582426	7.683635	21.2732
create entity	sqlite	9bd2a9a7	9bd2a9a7-sqlite-create-entity	2.036767	1.80	1.181905	1.717008	2.17211	4.146519	39.130983
create entity organization	sqlite	9bd2a9a7	9bd2a9a7-sqlite-create-entity-organization	1.6138	0.74	1.226006	1.473807	1.859308	2.19391	11.444354
create entity person	sqlite	9bd2a9a7	9bd2a9a7-sqlite-create-entity-person	1.842825	1.27	1.187106	1.690008	1.933209	2.26461	29.99804
create and publish entity	sqlite	9bd2a9a7	9bd2a9a7-sqlite-create-publish-entity	3.644946	1.70	2.588112	3.349216	4.019919	5.688627	39.625686
edit entity	sqlite	9bd2a9a7	9bd2a9a7-sqlite-edit-entity	2.498694	1.53	1.843409	2.26451	2.538012	3.092814	36.788372
archive entity	sqlite	9bd2a9a7	9bd2a9a7-sqlite-archive-entity	1.31042	0.54	0.896004	1.219006	1.475407	1.596307	10.441449
get admin entity	sqlite	9bd2a9a7	9bd2a9a7-sqlite-get-admin-entity	0.267053	0.27	0.223801	0.242201	0.255402	0.265801	5.379526
search admin entities (any, first 50)	sqlite	9bd2a9a7	9bd2a9a7-sqlite-search-admin-entities-any-first-50	4.673975	1.25	4.21642	4.29532	4.610922	8.126538	16.214377
